year,value
2015,3.54784876425269
2016,3.59308389499363
2017,2.80383182342791
2018,1.31671054783212
2019,2.13584581963515
2020,1.82730265249896
2021,3.97901478130127
2022,7.87723581915697
2023,6.26434064219153
2024,2.3506939187188
2025,n.d.
