year;value
2015;13.64600611
2016;12.21440748
2017;12.18140462
2018;12.07394537
2019;12.28062823
2020;15.61716447
2021;13.70776804
2022;13.26237686
2023;12.16968897
2024;12.27377932
